probe_step,W_t_A1,N_t_A1,C_t_A1,F_t,C_ci_low,C_ci_high,W_ci_low,W_ci_high,N_ci_low,N_ci_high
0,0.46148139509393116,0.4086191282293863,0.052862266864544816,0.0,0.043095690602540135,0.06348398435926682,0.4516615797671138,0.47239195166700837,0.40455197034970763,0.4129493933346124
1,0.4716752824352847,0.41539525425400997,0.05628002818127473,-0.06377291067874523,0.04512999843825068,0.06834614363063952,0.45963248021513237,0.48467933636559374,0.4104168073746728,0.420772891225939
3,0.4582829199615452,0.4255025033502115,0.03278041661133369,0.3747125453708726,0.02223311038701484,0.044636593340792605,0.4464797169679278,0.4715179888006423,0.41754712067467886,0.4345559826921505
8,0.439578242259721,0.41673041513280734,0.022847827126913602,0.5600473547087663,0.017164086289186448,0.028258081534066146,0.4327257608539382,0.4465000480151279,0.4116572920865068,0.4224212314425201
16,0.4269249908287492,0.41560704173569873,0.011317949093050431,0.7751863927659665,0.004915566617004174,0.017481668233639662,0.4200474727578088,0.434102419851592,0.40939678328732027,0.42295145260537037
32,0.41481796801057125,0.4121150953327616,0.0027028726778096615,0.9359373779299579,-0.0008685589557927489,0.0061919909373919155,0.41110650087702616,0.4185920900519441,0.4082122779253125,0.41601585492112564
48,0.4101359917200274,0.40848732556444073,0.0016486661555866384,0.955608095732746,-0.0011770766976248036,0.004378943964104268,0.4068504110065166,0.413490264342152,0.4049918043591621,0.4120875322506887
64,0.40944233137534725,0.4088934790194034,0.0005488523559437877,0.9761298117649769,-0.0017381451469659758,0.00274005549322813,0.405685842634369,0.4132968480593546,0.4052340944867705,0.41301210837461866
78,0.40998061048562323,0.4091908519633114,0.0007897585223118404,0.9716346800088342,-0.0017083256600735161,0.003286586846373973,0.4067328918832209,0.413187626083044,0.40607265663501696,0.41241811836579817
79,0.4144941906498538,0.41522460569921466,-0.0007304150493608531,1.0,-0.0038683804014656245,0.0022623611112021847,0.41047356267823104,0.418716983340246,0.41139542815021757,0.41917642241518127
