t,L_05,L_10,D_t,ci_low,ci_high,G_t
0,0.46148139509393116,0.46148139509393116,0.0,0.0,0.0,0.0
1,0.4716752824352847,0.4917949423510167,0.020119659915732016,0.011583179489187898,0.02949057958194364,0.44971419292728243
3,0.4582829199615451,0.4824794189809098,0.024196499019364517,0.012607315339276356,0.0396201489067367,0.5408396102983231
8,0.4395782422597209,0.47465969183262857,0.03508144957290756,0.020952610845009066,0.05281760520483882,0.7841397840459113
16,0.4269249908287491,0.4593396401770413,0.03241464934829208,0.022805482813720072,0.042033933807783225,0.7245315244762012
32,0.41481796801057125,0.45052178632327256,0.03570381831270125,0.02774591523698014,0.04371385116538655,0.7980509563366834
48,0.41013599172002746,0.44426584945958525,0.034129857739557824,0.02573975433060899,0.043300697102639805,0.7628698244579537
64,0.40944233137534725,0.44846108762174847,0.039018756246401214,0.03311166952875339,0.04513146674390467,0.8721463756281517
78,0.4099806104856232,0.4404279377629361,0.030447327277312697,0.022063241620047233,0.03961471309909598,0.6805579851080367
79,0.4144941906498538,0.45923296081134013,0.04473877016148634,0.03353113795293909,0.05607662926329714,1.0
