base_run_id,rho_hat,tau_hat,A_replica_count,B_replica_count,rho_within_A_sd,rho_within_A_se,tau_within_B_sd,tau_within_B_se,A34_mean_A,A34_within_A_sd,deltaL1_mean_A,deltaL1_within_A_sd,deltaL2_mean_A,deltaL2_within_A_sd,deltaL3_mean_A,deltaL3_within_A_sd,deltaL4_mean_A,deltaL4_within_A_sd
1,0.04929462548779117,0.005904526394863765,15,10,0.015375603237957622,0.003969963685233514,0.010743866945907996,0.0033975090426866324,-0.03687843987067539,0.032108525996267345,0.05260972334861756,0.03310046895526609,0.05657870849033199,0.032492618767193844,0.03869544462442397,0.02741187251453784,0.0018170047537485819,0.00934189419605969
2,0.05107043758432069,-0.0010993061991963642,15,10,0.027426984949776877,0.007081617063144487,0.02221323750231486,0.007024442471358473,-0.05622852534532545,0.022461995857167523,0.04785267067670822,0.038262254337849716,0.051095472307999934,0.04569890197769019,0.054263169768253953,0.026493644874178813,-0.0019653555770715037,0.01085317760341289
3,0.045689551938109925,-0.008241260182679686,15,10,0.02228747821368694,0.005754602130038009,0.01538521958127336,0.004865233617864585,-0.0384333619093895,0.03719547923436289,0.04776751720984776,0.037962584722790176,0.04467875864664714,0.025665885414882066,0.044622379957834885,0.032941818069007166,0.006189018048445379,0.011470207441001887
4,0.04078249110486773,0.001898825826430773,15,10,0.021165418699283844,0.005464887609188892,0.020259896859901233,0.006406741923738116,-0.0491572155245145,0.026202450843904115,0.0369396581721306,0.033748298286749426,0.03913129051129024,0.022183599226887434,0.04627652463118235,0.029176068337815247,-0.0028806908933321496,0.011452794803467075
5,0.05193792228672241,0.004644126600956859,15,10,0.019371756590260827,0.005001766044057597,0.012326558105396701,0.0038979999323463447,-0.053876781444946925,0.024715007442896023,0.060422763479153326,0.04407257478968156,0.03994432897011439,0.032878737449771565,0.055446674410899476,0.025603420696368524,0.0015698929659525537,0.009028773564910279
6,0.05131369543327226,0.007724740666161192,15,10,0.018005809386446612,0.004649079992579528,0.013503183888093965,0.004270081675046514,-0.040702520919044805,0.03894362805787652,0.05347675153116384,0.02975993725169546,0.05649257747491201,0.0291298411212385,0.04397175729374092,0.035394549190660145,0.0032692363746961014,0.009760252625352657
7,0.04289002668400605,0.0030052478795319767,15,10,0.016220080264493782,0.004188006715902134,0.017357208542734318,0.005488831281757248,-0.05053135179797809,0.02943732261571737,0.048291587712963414,0.03894911423814534,0.034311240764458975,0.023082593174517687,0.046067251574595784,0.03200553657315591,-0.004464100223382313,0.012275902514740722
8,0.0503529619720247,-0.0056129507276615545,15,10,0.021898917822814213,0.005654276268514949,0.016214720824987858,0.005127544943072609,-0.05802558631777764,0.03986620382891186,0.04407972971836725,0.02492986357143509,0.04968801781137782,0.04138053149152915,0.05729113838632903,0.03743455266694489,-0.0007344479314486192,0.007310519516530725
9,0.0504066200656361,-0.010649289060506235,15,10,0.019700362167208104,0.005086611639190109,0.013688169638228265,0.0043285793055564325,-0.043393413993517566,0.02734323459853174,0.039631826068560284,0.029966968849441927,0.06250082737366358,0.04121158459441497,0.04908720675468445,0.02599662697702406,0.005693792761166879,0.009157145386967281
10,0.05183415164219009,-0.0037018218741160422,15,10,0.01801628064236328,0.004651783659231469,0.018310144965893702,0.005790176238009016,-0.04527379613697528,0.040753838404956194,0.0607111748826504,0.03018617005373362,0.04584990197221438,0.02485739999908344,0.0489413780717055,0.04151730377157462,0.003667581934730209,0.015044788769513982
11,0.04157893444842762,-0.0058019948688666475,15,10,0.018013197213744357,0.004650987521385449,0.010710749961913422,0.0033870365328208135,-0.036387198697328565,0.026957794166744087,0.04401574455777803,0.027075944413149262,0.037024030155738186,0.023373200407564562,0.04369702863176664,0.02591124330974323,0.007309829934438065,0.008991247735260407
12,0.050065980153613625,-0.0010705547355591006,15,10,0.023919462618276065,0.006175978691387604,0.01204599769643821,0.003809278940988631,-0.0425984169534842,0.030562519065020465,0.045517712201277406,0.045645816739396015,0.06347847120285034,0.031335926035443225,0.0412017570567131,0.027230514426929826,-0.0013966598967711057,0.010425763718963768
13,0.05477639656331805,0.0043298441931395384,15,10,0.022674597257804602,0.005854555837429172,0.022282376431068524,0.0070463061203430415,-0.06590380659302078,0.042850456591018445,0.04410332605520885,0.024422659071156136,0.057161623454093924,0.05123170189917366,0.06306424018065135,0.04071688594447462,-0.00283956641236941,0.010076524252629988
14,0.05455730022728443,-0.0005285422274236982,15,10,0.022008456722991256,0.005682559090924786,0.0115474929373837,0.003651637894684061,-0.04130920101642608,0.025645945375120775,0.050902338869770365,0.039084468714333284,0.06877327821652095,0.03948387222386622,0.04399628359556198,0.018479952266754134,0.0026870825791358945,0.008521496679083956
15,0.05026899474442005,0.0011708528940198692,15,10,0.020751295084040045,0.005357961351514862,0.013989321299008189,0.004423811822477129,-0.04263241750121115,0.03707335005959969,0.05057853519499303,0.04182245956062037,0.059211235217253355,0.0343901775084009,0.04101721382101376,0.036911628171239844,-0.0016152036801973968,0.010050139645268756
16,0.04737532999985747,0.0005441640511750313,15,10,0.018698557716651357,0.0048279468423125926,0.015664265563600177,0.004953475705471768,-0.04913075931787489,0.03510383042586133,0.04021642302950222,0.03086415415705906,0.05384941573123136,0.03759800390069193,0.04806015123883882,0.0358616341532228,-0.0010706080790360618,0.0059377231981628895
17,0.04338430609544117,0.007983626985964339,15,10,0.02069347631298983,0.0053430326090231515,0.01729210059580332,0.005468242341149316,-0.04118865531504154,0.031862041044476125,0.029985572021404897,0.02720536837197349,0.05649465756376582,0.04110778465824431,0.0436726887011528,0.024438139557649095,0.002484033386111258,0.011620960319888582
18,0.04617399819208517,-0.00014577225543754483,15,10,0.017268806765008193,0.00445878673398338,0.014764906373802117,0.0046690733580352145,-0.04641196044782799,0.03338062152750857,0.0501570978607734,0.03706523460359695,0.04199286193867525,0.0264615733861141,0.04637203477680685,0.035600128523940934,-3.992567102114597e-05,0.010390474027355982
19,0.04090503193252616,0.0019615093336892145,15,10,0.018473043555570993,0.00476971933629938,0.012977491135224282,0.004103843030195293,-0.035924832721749934,0.0330587358812431,0.04027661993106206,0.028953289545681483,0.044181711899042124,0.023874631315547273,0.0382567639674743,0.03279871146954343,0.002331931245724365,0.008008447215674067
20,0.05317940418561298,-0.0007610855507562918,15,10,0.016045377367030475,0.004142898621741496,0.013776594655878058,0.004356541751347826,-0.05006266641775767,0.02736198435842479,0.04370248939514162,0.026764152220394303,0.06406795983711878,0.03387432937946714,0.051767763324578595,0.026088305374376314,0.0017050969068209353,0.010346683203082015
21,0.046212363803982734,0.005977998638092655,15,10,0.017099843891698545,0.004415160707686339,0.014069911500558417,0.004449296681876204,-0.039856279283364625,0.028740601681561034,0.049702206204334895,0.03569131107145945,0.05252652963618438,0.0383770862449562,0.03640835557142894,0.025848633522719905,-0.0034479237119356817,0.011858079692247996
22,0.03841635785606172,0.0013203118348181792,15,10,0.01705007363615465,0.004402310082962472,0.012284691918176709,0.003884760681490124,-0.031781605134805026,0.023850792593361658,0.04809427321275074,0.03677002760683267,0.037687898132801045,0.021791355491274964,0.029466902222633356,0.01848614636561592,-0.0023147029121716733,0.01119624394990927
23,0.0546556538141436,-0.0044106257525601735,15,10,0.022781874642036695,0.005882254738932878,0.013047734461060967,0.00412605592020222,-0.04850124821424484,0.029634423386749667,0.05710767705500126,0.031703784594329515,0.05842943560640017,0.05109062313481186,0.048429848781029385,0.025876181376891395,-7.139943321545771e-05,0.012180497377487996
24,0.04669873079902596,0.004333660780842791,15,10,0.016554514352545714,0.004274357226130747,0.014079570836670132,0.004452351232156018,-0.04177098404745259,0.030840200544859753,0.05815828003585339,0.04562357115609742,0.0399813633775711,0.03447013671737367,0.04195654898365339,0.02866149250888014,0.0001855649362007883,0.008605842453793462
25,0.04735878273516893,-0.00588116794003707,15,10,0.025339615452730786,0.006542660576515097,0.022258515943094623,0.007038760771534982,-0.038573821555475396,0.04012510622161967,0.0509351644462347,0.043876939809976576,0.05250198062737781,0.038954606339909756,0.03863920313189427,0.038305737204352305,6.538157641886959e-05,0.012366581239759141
26,0.06131384273436334,-0.0078006924715324,15,10,0.036406854405698005,0.009400209386737766,0.010466154891328603,0.003309688780071045,-0.05248292837699253,0.041166328364284674,0.07635705714464187,0.06633813667640089,0.05156987255096436,0.0392845942954427,0.0560145985074838,0.03515808027309199,0.00353167013049126,0.02090723359522124
27,0.05550683075229327,-0.009422410908738446,15,10,0.026375146095043364,0.0068100334386593684,0.017744507872407233,0.0056113060835595325,-0.06411142723361653,0.054993309482251396,0.047212514981826145,0.029772631848505794,0.05923180149038633,0.0335026337305615,0.06007617578466733,0.05354639420241001,-0.004035251448949188,0.009646464019339688
28,0.04136214509911007,0.004762967117919013,15,10,0.010433719033562773,0.002693974670399731,0.014514067634887993,0.004589751183997921,-0.04126071087360381,0.038936607339536945,0.03984191289345424,0.027510860161673718,0.040050470803578694,0.026122382739983917,0.04419405160029729,0.03280196322820018,0.0029333407266934784,0.011773934799232218
29,0.04841518527150155,-0.0039499148312591124,15,10,0.02277099973427473,0.005879446849822637,0.01550194545926318,0.004902145581497659,-0.052875260108709334,0.03698825296563482,0.04698001613855363,0.03426004139755599,0.05286586728572846,0.0356480634564095,0.04539967239022255,0.03749974249352618,-0.007475587718486784,0.010352967659057489
30,0.0504455796971586,0.010154681926889142,15,10,0.019710664475951992,0.005089271683869614,0.01232254945984383,0.0038967322873184073,-0.06127823081413905,0.045831845047154214,0.04361570011615753,0.032488574841583275,0.05468541265964507,0.039444963357338804,0.05303562631567319,0.03817507883950632,-0.00824260449846586,0.016447416114395232
31,0.04590985232187642,0.014954236941120408,15,10,0.021162136848173276,0.005464040238875827,0.021173355243322423,0.006695602827676751,-0.054192540514270464,0.050555168396238984,0.03745454761505127,0.03203384593155649,0.04914237423380216,0.03673352273012445,0.051132635116775835,0.04791657308515016,-0.0030599053974946335,0.009529299648600375
32,0.05647863697621558,0.0053783531535596,15,10,0.016682544624258507,0.004307414500141018,0.011025143601426658,0.0034864565310939867,-0.056321356121699,0.028944466088396174,0.05216432367881138,0.02995684728759983,0.06023570664207142,0.041817609091355484,0.05703588060776393,0.03049941311359916,0.0007145244860649232,0.01050795425583037
33,0.05022705398797989,-0.000964293353190745,15,10,0.021440415683273706,0.005535891525138892,0.014825187472882907,0.004688135915330572,-0.045484561371405906,0.03366838619355241,0.0430886069091161,0.028314854562038676,0.05959519130428632,0.04220374108012164,0.04799736375053724,0.030249768964632155,0.002512802379131322,0.008722093504398443
34,0.04592243457065689,-0.001975936273739545,15,10,0.021600319871007093,0.005577178608877574,0.016752928748290933,0.005297741232311302,-0.04148953168551127,0.042802169928786216,0.05516944299538929,0.027722400985487564,0.041718625707228986,0.027623517864546285,0.04087923500935237,0.04320894957379055,-0.0006102966761589057,0.00973100884808603
35,0.040531815530988904,0.0018527899481859983,15,10,0.014433540084810806,0.003726724025019296,0.01571595775356813,0.004969822211225852,-0.040798922557433455,0.033331534532667954,0.04938333354592324,0.02731097082654833,0.0318952254152298,0.023100004936258085,0.0403168876318137,0.028358244153926918,-0.0004820349256197639,0.014167229303059147
36,0.04760203126033147,-0.006246626689065811,15,10,0.020970931916783214,0.005414671337876731,0.020135506154564192,0.006367406128876125,-0.05585961582561334,0.0401748583551792,0.04691024313886961,0.036156596357578175,0.038708729863564176,0.030517938352505606,0.05718712077856065,0.03805263589745877,0.0013275049529472968,0.011928106324800557
